Ánlúan	Ánlúan,Ánlúain
Áed	Aeda,Áed,Áedo,Aed,Áeda,nÁedo,Aodh,Aódh,Áodh
Sláine	Sláine,Sláne,Slane
Aífe	Aiffe,Aiffi,Aífe,Aoife
Ailill	Ailill,Ailella,Ailill,Ailello,Aillell,Oilioll
Máta	Máta,Magach
Aíe	Aíe
Amergin	Aimirgin,Amergin,Amergin,Amairgin,Amorgen,Amorgene
Eccit	Eccit,Eiccitsach
Aithramail	Aithramail,Aithremail,Aithramail
Allatruim	Allatruim,Alatruim
Ruad	Ruad,Ruadh
Athirne	Athirne,Athirni,Athiune
Achall	Achall
Badb	Baidb,Badb,Bobd,Bodb,Bodhp,Boidb
Baiscne	Baīscne,Baiscne
Banba	Banba
Baíthén	Baíthén
Berba	Berba
Eóin	Eóin,Eoin,Eúin
Belach	Belach,Belocch,Belocch,Beluch
Bairdine	Bairdine
Benén	Benén,Benen
Benn	Benn
Suan	Suan,Suain
Beothach	Beothaig,Beothach
Berngal	Berngal
Bethe	Bethe
Bicne	Bicne,mBicne
Caích	Caích
Bili	Bili
Blaithmeics	Blaithmeics
Blathnát	Blathnod,Blatnad,Blathnát
Blaí	Blaí
Briugu	Briugu,Briugaid
Blod	Blod
Bláithine	Bláithini,Bláthine
Bresal	Bresal
Bregamos	Bregamos,Bregoman,Breaghmain,Breg,Bregamos
Bríanán	Bríanán,Bríanán,Brianan,Bríannán
Brethach	Brethach
Bricne	Bricne
Carbhre	Carbhre
Briccriu	Bricrend,Bricrend,Bricrind,Bricrinn,Bricriu,Bricriu,Bricriu Nemthenga,Briccriu
Nemthenga	Nemhenga,Nemthenga
Búanann	Búanann,Buan,Būanand,Būanond,Búain
Buri	Buri
Borbriathrach	Borbriathrach
Bras	Bras,Brass
Báeth	Báeth
Bélchú	Bélchú
Rochad	Rochad,Rochada
Caiss	Caiss
Cethern	Cethirn,Cethern
Cairbre	Cairbre,Cairpre,Corpre,Corpri,Coirpri,Cairpri
Cuanach	Cuanach
Cathbad	Cathbad,Catfad,Cathbad,Cathbath,Cathboth,Cathbud,Cathfaidh,Chathbada
Celtchar	Celtchar,Celtchair,Celtchar,Cheltchair,Cheltchar
Cellach	Cellaig,Cellach
Conchobar	Conchobar,Conchobar,Conchobor,Chonchobair,Chonchobar,Chonchobhair,Chonchobhar,Chonchobor,Chonchobuir,Chonchobur,Chonchubur,Conchobuir,Conchubur,Conchobair,Conchobhar,Conchobair,Conchobar,Conchobar,Conchobhar,Conchoboir,Conchobor,Conchobor,Conchobuir,Conchobur,Conchubar,Conchubhar,Conchubor,Conchubur,Conchufur,Concobar,Concoboir,Concobor,Concobur,Concopair,Concopor,Concopuir,Concubar,Concubor,Concupar,Connchubhar,Conqubar
Condere	Condere
Cruinniuc	Cruinniuc
Congalach	Congalach,Conghalach,Congalaig,Chongalaig
Cú	Cú,Choin,Chon,Con,Cu,Cv,Coin,Chú,Cū
Sétantae	Sétantae
CúChulaind	CúChulaind,Coinculaind,Coinculoinn,Conculaind,Conculainn,Cuchulaind,Cuchulainn,Cuculaind,Cuculainn,Cuqulaind,Cúchulainn,Cúculaind,Ququlaind,Qúqulaind
Culand	Culann,Cauland,Caulann,Culand,Chulaind,Chulainn,Culaind,Chulainn,Chulaind,Culainn,Cvlaind,Chulain,Culain,Chulinn,Culinn
CúRoí	CúRoi,CúRoí,Coinrai,Coinrui,Curai,Curoi,Qurai
Roí	Roí,Roi,Ruí,Rūi,Raí
Caínbrethach	Caínbrethach
Caíni	Caíni
Mágach	Mágach
Cet	Cet,Chéit,Céit,Cét
Cerna	Cerna
Cernach	Cernach,Chernaig,Cernaig,Cernoch,Ceruach,Cearnach
Conall	Conall,Chonaill,Chonall,Conaill,Conold,Conoll,Conull,Connall,Connaill
Cloen	Cloen
Guthbind	Guthbind,nGuthbind
Fáelad	Fáelad,Faelad
Connlongas	Connlongas,Connloinges
Cond	Cond,Con
Longas	Longas,Longes,
Cormac	Cormac,Chormac,Cormaic
Crónig	Chrónige,Chrónig,Crónig,Crónige,Cróenech
Cimboeth	Cimboeth
Cloen	Cloen
Cnogba	Cnogba,Cnoghbha
Máel	Máel,Mael
Cobthach	Cobthach
Geirg	Geirg
Cnesgel	Cnesgel
Cochar	Cochar
Cruibne	Cruibne
Conang	Conang,Conaing
Conaire	Conaire
Slíab	Slíab,Sliab,Sliab,Slebe,Sléib,Sleb,Slebe,Slebib,Sléibte,Slebte,Slébtib,Sléibtib
Conn	Conn,Cunn,Cuinn
Coscorach	Coscorach
Congaile	Congaile
Conganchnesach	Conganchnesach
Diad	Diad,Diadh
Cáem	Cáem,Caomh,Caomb
Eiroir	Eiroir,Eirora
Cealgach	Cealgach
Conlaus	Conlaus
Cruaidh	Cruaich,Cruaidchelgach,Cruaidh,Cruaidchelgach,Cruaidhh
Condla	Connla,Condla,Conlacruaich,Conlae,Condlae
Náir	Náir,Nair
Crimthann	Crimthann,Cremthann,Crumthand
Crom Deróil	Crom Deróil,Crom
Cuar	Cuair,Cuaird,Cuar
Cúscraid	Cúscraid,Cumscraid,Cuscraid
Cuillius	Cuillius
Láth	Láth
Cáur	Cáur,Caurith
Damán	Damán,Damáin
Daurthecht	Daurthecht,Durthecht,Durthacht,Derthacht,Dairthecht,Daurthecht,Daurthacht,Derthacht,Durtachta,Dúthracht,Dúthracht,Durthacht,Duthracht,Durthacht
Dáire	Dáiri,Dáire,Daire,Dare,Dáre,Dári,Dari,Dairi
Deda	Deda,Dedad,Dedond,Dead,Ded
Sin	Sin,Ṡinna
Deichtine	Deichtine,Deichtini
Deirdriu	Deirdre,Dheirdre,Dhéirdre,Déirdre,Deirdriu,Derdriu,Deirdri,Deirdre,Derdriu,Derdrend,Derdre,Deirdri,Deirdre,Deirdrinn,Derdrinni,Derdre
Dian	Dian
Cecht	Cecht,Cécht
Delga	Delga,Delgna
Derbforgaill	Derbforgaill,Derbforcaill
Blaithmac	Blaithmac
Díarmait	Diarmait,Díarmait,Diarmuit,Diarmait,Diarmaid,Diarmoit,Diermait,Diairmit,Diarmato,Diarmata,Diarmada,Diarmuda,Diarmaida,Diarmeda,Dermato,Dermata,Dermada,Diarmoda,Diarmuda,Diarmaida,Diarmeda,Dermait
Dithorbo	Dithorbo
Derg	Derg,Deirg,nDerg
Drechlethan	Drechlethan
Domnall	Domnaill,Domnall
Donncha	Donncha,Dondchaid,Dondcha
Dóel	Dóel,Doel,Dóeltengaid,Deoltenga,Dóeltenga
Dubthach	Dubthach,Dubthaig,Dubthuch,Dubthach
Niedfir	Niedfir
Duollud	Duollud,Duollaid
Dócha	Dócha,Dóchae,Dóchá
Fedlig	Fedlig
Echach	Echach
Echdach	Echdach
Faebur	Faebur,Faeburglais
Echach	Echach
Echbél	Echbél
Echde	Echde
Durthacht	Durthacht
Foltchaín	Foltchaín
Eimer	Emer,Eimeur,Eimer,Eimere,Emir,Eimhir,Emer,Emiri,Emiur
Erc mac Cairpri	Erc mac Cairpri
Eirrgi Echbél	Eirrgi Echbél
Inguba	Inguba,Ingubai
Etan	Etan,Eithne,Etain,Etaine,Eatan,Étan,Ethne,Ethne,Étan
Elcmuire	Elcmuire,Eulcmaire
Emine	Emine
Íuil	Íuil
Eochaid	Eochaid,Euchaid
Éogan	Eogan,Eogain,Eogan Eo,Eógain,Éogain,Éogan
Enchenn	Enchenn,Enchinne
Ess	Ess,Esse
Etar	Etar,Etair
Etarcomal	Etarcomal,Etarcomail,Etarcomol
Anbuail	Anbuail
Ethail	Ethail
Ferdiad	Ferdiad
Findabair	Findabair,Findabrach,Findubair,Finnabair
Fráech	Fráech,Fraích,Fróech,Fróech,Fraech,Froech,Froech,Fraich,Fraích,Froich,Fraích,Fruich
Dall	Dall,Daill
Cilair	Cilair
Cétaig	Cétaig
Fedlimid	Feidlimid,Fheidhlimi
Leti	Leti
Fergus	Fergus,Fercus,Fercussa,Fergais,Fergos,Fergusa
Findchóem	Finnchóem,Findchóem
Folloman	Fallamain,Folloman,Follamain,Follomain,Follomon
Ferbend	Ferbend
Dubthachúad	Dubthachúad
Febhe	Febhe
Fialdama	Fialdama,Fíaldána
Dimraith	Dimraith
Fíacha	Fiacha,Fiachaig,Fiachu,Fíacha
Fulech	Fulech
Fíachna	Fiachna,Fachtnai,Fachtnai,Fiachrach,Fiachraig,Fíachna
Flidais	Flidais,Flidis,Ḟlidais
Fand	Fand,Faind,Fainde,Fainne,Fhaind,Fhainde
Noíchrothach	Noíchrothach,Noicridii,Noichruthach
Noíchride	Noíchride,aeNoíchride,Noíchride,
Foltchoin	Foltchoin
Findcoemh	Findcoemh
Fedelm	Fedelm,Fedilm,Fedlim,Feidelm,Feidilmmsi
Fruích	Friuch,Fruích,Fruích
Baíscne	Baíscne
Fatheman	Fatheman,Faithemain
Báeth	Báeth,Baíth
Loga	Loga
Dea	Dea
Fechtnach	Fechtnach,Finnfechtnach
Feradach	Feradach
Ferb	Ferb,Feirb,Ferbae,Ferbi
Fercherdne	Fercherdne,Ferchertne
Loingsech	Loingsech
Ferchú	Ferchú
Fergal	Fergal
Fergna	Fergna,Ferghna
Fintan	Fhintan,Fintan,Findtain,Findtan,Fintain
Monach	Monach,Monuch
Forgall	Forgaill,Fhorcaill,Forcaill,Forcaill,Forcald,Forcall,Forcold,Forcoll,Forculd,Forgall,Forgauld,Forgoild
Fiannamail	Fiannamail
Findchaimi	Findchaimi,Findchoíme
Findchath	Findchath
Find	Find,Finde
Fland	Fland,Flaind
Focherd	Focherd,Focheird
Fogartach	Fogartach,Fogartaig
Fóill	Fóill,Foill
Follscaide	Follscaide
Foltchaín	Foltchaín,Foltchain
Fácen	Facen,Fácen
Fiacail	Fiacail
Fabric	Fabric
Fingalach	Fingalach
Forais	Forais
Furbaide	Furbaide,Furbaide,Furbaidi
Fáelbe	Fáelbe,Fáelbe
Fíngen	Fíngen,Fíngin,Fíngin
Danéici	Danéici
Fóenglinni	Fóenglinni,Fóenglinn
Gabalglinni	Gabalglinni,Gabalglinni
Gabrán	Gabrán
Gaidiulaie	Gaidiulaie
Garb	Garb
Stairn	Stairn
Goll	Goll
Carbad	Carbada,Carbad
Gárach	Gáirich,Gáirigi,Gárach
Ibar	Ibor,Ibar,Ibur,Ibur,Iubor
Bochlid	Bochlid
Belaig	Belaig
Imroll	Imroll,Imrull
Iliach	Iliach,nIliach
Idaith	Idaith,Fidaig
Irúath	Irúath,Iruath,Hiruad,Hiruath
Labraid	Labrada,Labraid,Labraid
Lúathlám	Lúathlám
Láeg	Láeg,Laogh,Loech,Loeg,Loeg,Lóeg,Lóich
Búadach	Búadach,Buadach,Buadaig,lon-Buadach
Lóegaire	Loegaire,Lóegaire,Laeccairi,Laegairi,Laogairi,Laoghaire,Loecairi,Loegairi,Láegaire,Lóegairi
Leborcham	Leborcham,Leabharcam,Leabharcham,Leabharchum,Leabharcum,Lebarcham,Leborcham,Lavercam,Lebarcham,Levarcham,Lebharcham,Leabharcham
Lendabair	Lendabair,Lendubair,Lennbair
Lóthar	Lóthair,Lóthar,Lóthur
Lugaid	Lugaid,Lvgaid
Lámderg	Lámderg
Riab	Riab
Lugaidiar	Lugaidiar
Nóis	Nóis
Láríne	Láríne,Láríni
Bró	Bró
Láth	Láth
Léna	Léna
Lí	Lí
Ban	Ban
Mór	Mór,Maur,Már,Mor,Mour
Líac	Líac
Lúach	Lúach
Lúachair	Lúachair
Dathó	Dathó
Milscothach	Milscothach
Finniain	Finniain
Mithig	Mithig
Maine	Mane,Mani,Maine
Andoí	Andoí
Adfiadat	Adfiadat
Condusgeb	Condusgeb
Máthramail	Máthramail
Aithramail	Aithramail
Mórgor	Márgar,Mórgor
Mugain	Mugain
Medb	Medb,Meadb,Meadba,Medba,Medbi,Meidb,Meidbi
Macha	Macha,Machae,Machi,Machai,Machou,Machu,Macho
Gegra	Gegra,Mesgegra,Géadhra,Meis-Géadhra
Mess	Mes,Mess,Meis
Roída	Roídia,Roda,Roída
Mianach	Mianach
Anaidgned	Anaidgned
Mend	Mend,Mind,Miunn
Mongán	Mongán
Morand	Morand,Morann
Mornae	Mornae,Mornai
Mórrígan	Mórrígan,Morrignai,Mórrígan,Mórrígna,Mórígna
Muinremur	Muinremur,Muinremair,Muinremar,Muinremhar,Muinremor,Muinremuir
Muirchertach	Muirchertach,Murchertaig
Murethach	Murethach,Muridac,Muiredach,Muiredaig
Murgen	Murgen,Murgein
Máenén	Máenén
Máta	Máta
Méthe	Méthe,Méithe
Móin	Móin
Nad	Nad,Nath
Crandtail	Crandtail,Chrantail,Crantail
Naoise	Naoise
Ness	Ness,Neasa,Nesa,Nessa
Nera	Nera
Natrebuin	Natrebuin
Chró	Chró
Nia	Nia
Niamglonnach	Niamglonnach
Niall	Niall,Néill
Scéne	Scéne,Scéni,Scene
Nechtan	Nechta,Nechtan
Ollgáeth	Ollgáeth,Ollgaeth
Órlám	Órláim,Órlám
Faitheman	Faithemain,Faitheman
Rochad	Rochad,Rochaid,Rochada
Rigderg	Rigderg
Reordae	Reordae
Cáinte	Cáinte
Redg	Redg
Reúin	Reúin,Reúin
Riches	Riches,Richis
Roech	Roech,Roich,Róich,Róig
Ruad	Ruad,Ruaid,Rvad
Ríangabair	Ríangabair,Ríangabra
Rígamus	Rígamus
Róan	Róan
Sencha	Senca,Sencha,Sencha Mór,Senchan,Senchae,Sencuo,Senqhu,Senqu
Senach	Senach,Senach
Síaborthe	Síaborthe
Arad	Arad
Senláech	Senláech
Scáthach	Scáthach,Sgathaich,Scathach,Scathaich,Scathaig,Scathce,Scathqu,Scáithchi,Scáthach,Scáthaich,Sgathach,Sgathach,Sgathaich,Sgáthach,Sgáthaigh
Siaburchend	Siaburchend
Scenmend	Scenmend
Simón	Simón
Sinand	Sinand,Sinnaind
Sualtam	Súaltam,Súaltaim,Soaltaim,Sualtam,Sualtaim,Súaldaim,Súaltaim
Sárán	Sárán
Tailtiu	Tailtiu,Taltin,Thaillten
Tamuin	Tamuin
Drúith	Drúith
Traiglethan	Traiglethan,Traiglethain
Traigthrén	Traigthrén
Triath	Triath
Triscatail Trénfher	Triscatail Trénfher,Trisgatail Trénfher
Triscoth	Triscod,Triscoth
Uathach	Uathach,Uathaigh,Vathach
Ugaine	Ugaine,Ugaine,Úgaine,Ughaine
Uisliu	Uisneach,Uisnig,Usnech,Uisliu
Uhtechar	Uthechar,Uithechair
Uma	Uma
Úar	Úair,Úar
Galmáir	Galmáir
Úaithne	Úaithne,Úaithni
Úalu	Úalu,Úaland
Úanchend	Úanchend Arritech,Úanchend
Donn	Dond,Donn,Duind
Bó	Bó,Báu,Bū
Boirche	Boirche
Findbeannach	Findbeannach,Finnbhennach,Finnbennach,Finnbeunnach
Ailbe	Ailbe
Aird	Aird
Echdi	Echdi
Airgdech	Airgdig,Airgdech,Airidech,Airidig
Albu	Albu,Albain,Alpain,Alban,Alpan,Alba,Alpa,Albain,Albae,Albe,Alpe,Alpae
Áth	Ath,Atha,Áth,Átha
Imfhoid	Imfhoid,n-Imfhoid
Ferta	Ferta
Clíath	Clíath
Cuillne	Cuillne
Grencha	Grencha
Lethan	Lethan
Lúain	Lúain
Tamuin	Tamuin
Tolam	Tolam
Traiged	Traiged
Bregmag	Bregmag,Bregmaige,Bregmaig
Mag	Mag,Maige,Muigi,Maigi,Maig
Muirthemne	Murthemne,Murteme,Murthemni,Murthemne,Murtimni
Óc	Óc,Óac,Óg,Óicc,Ócc,Óc,Oac,Óic
Brú	Brú,Broga,Brú,Bruig,Brug,Bhrú,Bruga,
Broinfeirtsib	Broinfeirtsib
Broine	Broine
Chachta	Chachta
Cairn	Cairn
Cill	Cill,Cille,Cilli,Chilli,Cell
Daigri	nDaigri,Daigri
Crúachu	Crúachu,Crūachna,Crúacha,Crúachain,Crúachna,Cruachan,Crūachain,Crúachanráith,Cruachan-maig,Chruachain,Cruachain,Chrúachan,Chrúachn,Cruachain,Cruachna,Cruachnaibaib,Crvachnai,Crúachan,Crúachnaib,
Crúachnaib
Cúailnge	Cúailnge,Chúailgni,Chúalngi,Chúalngiu,Cúalṅge,Cuailngi,Cualṅgi,Chúalngi,Chúailgne,Cuailngne,Cuailgne,Cualṅgiu,Cualṅgi,Cuailngi,Cúalngiu
Máil	Máil
Clíu	Clíu
Clúain	Clúain,Cluain,Cluana,cCluain,Clúana,Clona
Cnocc	Cnocc,Cnucc
Úachtair	Úachtair
Forcha	Fhorcha,Forcha
Cráebrúad	Cráebrúad,Craebruad,Craebruade,Chroibderg,Chroebruaid,Croibderg,Croebruaid,Craebrúaide,Cróibhe
Druimm	Druimm 
Collchailli	Collchailli,Collchailli
Caín	Caín
Croofoit	Croofoit
Cuinchiu	Cuinchiu
Deilge	Deilge,Delga,Delcce,Deilgge,Delga,Delca,Delgga,Delgga,Delga
Delga	Delgu,Delga,Delca,Delga,Dealgain,Delca,Delggain,Delga,Dealgau,Delgan,Delgan,Delgu
Dublind	Dublind
Duma	Duma
Dún	Dún,Dúin,Dúni
Ollach	Ollaich,Ollach
Sinche	Sinche
Emain	Emain,Eamain,Emhna,Emna,Emoin,Emno,Eomon,Némain,nEmain,n-Emain,n-Emna,n-Eumain,Eumain
Elg	Elg,Elg,Ealg,Elga,Elgga,Elcgae,Eilgi,Elg,Eilgg
Ériu	Ériu,Ériu,Heriu,Eriu,Eri,Éire,Heriu,Hére,Éire,nÉrenn,hÉrenn,Éreand,Éireann,nHerind,Herind,Éirinn,Ēire,Héiriu,Érinn,Éirinn,nhEre,hÉre,Érennmag,Erendmag,Eireand,Eirionn,Erend,Erind,Erionn,n-Éreand,Éreand,Heire,Herend,Herind,Heriu,Hérend,Hérenn,Hérind,Hérinn,Hériu,Érend,nn-Érind,nHerind,nEirinn,Érenn,Érind,Érinn,Ériu,nHerind,nHére,nHérinn,nEirinn,n-Erend,n-Erenn,n-Erie,Érend,Érenn,Érind,Érinn,Ériu
Errgi	Errgi
Brí	Breg,Brí
Leith	Leith
Eolairg	Eolairg
Espáin	Espáin,Espán,Hespain,Espáin,Espain,Espáni,Espaine,Spáin
Fesse	Fesse
Findleithiu	Findleithiu
Fótla	Fotla,Fótla
Fálmag	Fálmag
Gaili	Gaili
Dána	Dána
Gatlach	Gatlach,Gatlaig,nGatlaig
Glend	Glemd,Glenn
Gat	Gat,n-Gat
Glonnáth	Glonnáth
Inber	Inber,Inbeur
Bóinn	Boänd,Bóinn,Boënd,Boend,Boand,Bōinne,Bōinne,Boïnn,Boend,Bōïnn,Bōänd
Inis	Inis,Innse
Neasáin	Neasáin
Iráird	Iráird,Iraird
Laigin	Laigin,Laighin,Lagen,Lagin,Lagnib,Laignib,Laigniu
Lia	Lia
Toll	Toll
Liac	Liac
Liadh	Liadh,Lía
Úaland	Úaland
Bél	Bél
Dracon	Dracon
Loch	Loch,Locha,Lócha,Lóch
Áne	Áne
Quan	Quan
Lochann	Lochann
Lopán	Lopán
Lám	Lám,Láme
Gábuid	Gábuid,Gábaid
Léna	Léna
Inmain	Inmain
Mandachta	Mandachta
Tetrai	Tetrai
Thúag	Maig Thúag
Manncuili	Manncuili
Mann	Mann,Mand,Maind
Mardaimh	Mardaimh,Maurdaim
Maucho	Maucho,Mauchai
Moggruad	Moggruad
Mide	Mide,Midi,mMidiu,Midiu,Midhiu,Midhi
Ochaill	Ochaill
Inbher	Inbher,Inbir,Inber
Oillbine	Oillbine
Rind	Rind
Semni	Semni
Ross	Ross
Bodbo	Bodbo
Réid	Réid
Saxa	Saxa,Saxae,Saexu,Sacsaibh,Shacsaibh,Sagsaibh,Saxaibh,Sagsa,Saghsa
Ercmon	Ercmon
Slemain	Sleamain,Sleamoin,Sleamuin,Slemain,Slemin
Fuaid	Fuaid,Fúait
Culind	Culind
Mis	Mis
Smirombair	Smirombair
Segsai	Segsai
Temair	Temair,Temro,Temrae,Temair,Teamhair,Tara,Temraig,Teamraig,Temra,Temrach,Temuir,Theamraig,Themair,Themra
Lúachra	Lúachra
Tetra	Tethruch,Tetra,Tetrach
Tonach	Toingi,Tonge,Tonach
Tráig	Tráig
Éise	Éise
Tír	Tír,Tíre
Marccéni	Marccéni
Tairngire	Tairngire
Tairb	Tairb
Gáe	Gáe,Gae
Úaig	Úaig
Búana	Búana
Cruadín	Cruadín,Catutchend,Chrúadín,Chruadín,Chruadín
Lúin	Lúin
Óchaín	Óchaín,Óchnech
Caladbolg	Caladbolg
Boann	Boann,Boind,Boand,Boënd,Boend,Boaind,Boïnn,Bōinne,Boindeo,Boend,Bōänd,Bóind,Bōinne,Bōänd Bregmaige,Bóaind
Chríst	Chríst
Cirine	Cirine,Chirine,Cirini,Chirini,Cirinus,Círine
Colomon	Colomon
Dagda	Dagda,Dagdae,Dagdu,Daghda,Dagdai,Dagdo,Dagdea
Dagán	Dagán,Daghan,Dagain,Dagan,Dagania,Dago,Dagonus
Lir	Lir
Lugaid	Lug,Logha,Lagha,Lugh,Loga,Lug
Scimmaig	ScimmaigScimmaig
Núadu	Núadu,Nodonti,Nodenti,Nuadu,Nuado,Nuada,Nuadha,Nuadat,Nuadhat,Nodtat,Núadhat,Nuadhait,Nuadhat,Nuadhat,Nuadhaid,Nodan,Núadha,Núadhait
Manannán	Manannán,Manandān,Manandan,Manandán,Manannán
Oengus	Oengus,Oingus,Oengus,Aengus,Oíngusa,Oengusso,Oengussa,Oengusa,Aengusso,Aengusa,Aenghusa,Aengais,Aenghais,nÓengusa,Óengus,Óengussá
Pádraig	Pádraig,Patraic
Albanach	Albanchu,Albanaig,Albanach,Albanaigh,Albancho
Bolg	Bolga,Bulga,Bolga,Bulca,Builg,Bolg,Bolgthuath,Bolgraige,Builg,Bulga,Bulg
Brega	Brega,Breg,Bregaib,Breaghaib,Bregai,Bregu
Connachta	Connachta,Connacht,Chonnacht,Connachtu,Connacht,Connachtaib,Connachtaibh,Chonnachtaib
Cruithentúath	Cruithentúath,Cruithentúathe,Crích Cruithentúathe,Crich Cruithentúathe
Éireannach	Éireannach,Eireanchaib,Eirennach,Eirennachaibh,Eirionnach,Eírionnach,Hérennaig
Écmacht	Écmacht
Fomorach	Fomorach,Fomori,Fomóre
Gaileóin	Gaileóin,Gaileoin,Gailiain,Gailioin,Galéoin,Gailianaib,Galían,Galeoin,Galióin,Galiónaib
Gall	Gall,Gallaib
Gaodel	Gaodel,Gaodelaib
Maccu Miled	Maccu Miled
Mumu	Mumu,Muman,Mumnechu,Mumnig
Saxain	Saxain,Sagsuin,Saghsuin,Saxanu,Sacsan,Sachsan,Shaxan,Saxono,Saxanaib,Sacson
Túatha Dé Danand	Túatha Dé Danand,Thuatæ Dei Donand,Tuatai Dea,Tuatha Dea,Túath Dé Danann
Ulaid	Ulaid,Ulaidh,Ulaid,Ulaith,Ulto,Ultu,Ultu,hUlltu,Ultu,Ulod,Uloth,Ulath,hUltaib,Ulad,Uladdo,
Uladh,Uladimma,Uladmá,Ulaid,Ulaith,Ulid,Ulltaib,Ulod,Ultaib,Ultaibimmi,Ulto,Ultoib,Vlad,nUlad,nUltaib
Midluachra	Midluachra
